1	TTACGAGT	CAAAGCAG
1	TATCGTTT	TGATCATG
1	CGAGGTAA	CGCTACCC
1	TTGCAGGC	TTTCTCGG
1	GTATACCA	GAGTCCGT
1	CTCGAACG	TCGTAAGT
1	GTAATAGA	CTTAAATA
1	GAGCTTAT	CGTACGGT
1	CCATGAAT	CGACTATA
1	TCGCGGAT	GATGCCCA
1	TATGCGAT	TCTAGGTA
1	TAGAACGG	CATGCAGC
1	GCGCGCCA	CATATGAC
1	TTCAGACA	GCCAATAT
1	CGGGACAG	TCCCTTAG
1	GAGAAATT	CGAAACGA
1	TAGTCGCG	CATTATTC
1	CCGATCCC	TGCGCAGT
1	CAGAATAA	CTATAAGC
1	TGCCGCCT	TGCATGAT
1	GCCGGCGT	GTTAACGT
1	TAAGACAA	CAAGATGG
1	TAACCGTA	TAGCTATG
1	TCTCCCAA	TCAACCTC
1	CCCAAGCA	GTCAGTGC
1	GATATTTA	GCGATGAA
1	CAATTGTG	CTAATTTC
1	GCTAGCAC	TTAATCCT
1	TCCGGGCG	GTTCTATT
1	CCGCGAGC	GATTAAGA
1	GACCAAAG	GCGTATTA
1	GATCGGAA	TCACAAAC
1	GTAGCGAA	GACGTTCG
1	GTTTCGCT	GAAGAACC
1	TGCTATTT	GAATTTGC
1	CCTAGACG	CGCATAGC
1	TACACGGC	TAGGGTAG
1	TTTAAGCG	GAACCCAC
1	GAAAGGTC	CTACGGAC
1	GCTCCACC	CGATCGCA
1	TTCGAGTA	CCCGGATA
1	TCCAAATG	TATTACCT
1	GTCCCGTC	CAACCACG
1	CGCGCGAC	GCTTTGTC
1	TACGTAAC	CATCGCCC
1	TGAAATAG	TTATAGAT
1	TATATAGT	TCATGGGC
1	TAAAGTGA	CCTTTCAG
