AAGGCAGACGGTGCA	Rat_IgG_Control
GGCTGCGCACCGCCT	CD44_v4
CGTCCTAGGACATAT	pP120-Catenin_[T310]
CTCCAGCTCGAGCTC	pRB_[S807/811]_v1
AGCGAACCGCCGCTG	me2_Histone_H3_[K4]
GTGCAAGAGTTGGCG	cCaspase_3_[D175]_v2
TGGTGACAAGTATCT	Mouse_IgG_Control
GCCAAGATCAGGTCC	pPDPK1_[S241]
TTAGGTGTACACGTT	pMKK4/SEK1_[S257]
GCATTGCGTCAGGCT	pBTK_[Y551]_1_v2
CTGGTCGAACTTCGT	p4E-BP1_[T37/46]_v2
AGAGCTAGGATCGGA	pAKT_[T308]
ATAATCATTACGTGG	pNF-κB_p65_[S529]
CGTCGCAATCCATTG	pP38_MAPK_[T180/Y182]_v2
CAAGCGCGGCTTCCG	pHistone_H2A.X_[S139]_3
AGACAGTGATGTCCG	pS6_[S240/S244]_2
CGTACATGTACCACA	Pan-CK
GGACGAGTTCAACGT	CK18
GCGGCTCTGTTGATG	Vimentin
TTGTCACGGTAATAA	Cyclin_B1_2
ATCGAACCGACAGAG	pNDRG1_[T346]
GGTCGACTAGGTCGG	pHistone_H3_[Ser28]_v3
CTCAAGCATTATCAT	Rabbit_IgG_Control
